position	residue	pDP	Sbind
1	M	0.9699	1.371
2	P	0.9661	1.6855
3	V	0.9615	1.9656
4	P	0.9541	2.2261
5	P	0.9441	2.4815
6	P	0.9288	2.4591
7	P	0.896	2.7565
8	A	0.8554	2.8661
9	P	0.7765	2.8612
10	P	0.7283	2.5551
11	P	0.6639	2.382
12	P	0.581	2.1276
13	P	0.5186	2.3748
14	T	0.4818	2.4659
15	F	0.4521	2.5272
16	A	0.4862	2.6911
17	L	0.512	2.5272
18	A	0.5805	2.7433
19	N	0.596	2.6821
20	T	0.6164	2.7748
21	E	0.6171	2.8886
22	K	0.6064	2.8892
23	P	0.5442	2.7879
24	T	0.4708	2.6159
25	L	0.464	2.4057
26	N	0.4507	2.2109
27	K	0.4539	2.0734
28	T	0.4512	2.2219
29	E	0.4805	2.42
30	Q	0.4911	2.4624
31	A	0.4883	2.4734
32	G	0.4732	2.4036
33	R	0.4802	2.2246
34	N	0.5058	2.2905
35	A	0.5387	2.2695
36	L	0.5686	1.9599
37	L	0.5841	1.8969
38	S	0.5967	1.9853
39	D	0.6296	2.1548
40	I	0.6552	2.2946
41	S	0.6899	2.3149
42	K	0.7387	2.3162
43	G	0.7556	2.2159
44	K	0.7691	2.2357
45	K	0.7525	2.202
46	L	0.768	2.0889
47	K	0.7578	2.1136
48	K	0.7405	2.0942
49	T	0.7581	2.0859
50	V	0.7753	2.1065
51	T	0.8016	2.167
52	N	0.842	2.2921
53	D	0.8711	2.3101
54	R	0.9035	2.2009
55	S	0.9065	2.1923
56	A	0.9112	1.7747
57	P	0.9097	1.7034
58	I	0.914	2.0598
59	L	0.92	2.3758
60	D	0.9325	2.5726
61	K	0.939	2.8723
62	P	0.9571	2.8827
63	K	0.9703	2.5584
64	G	0.9722	2.2436
65	A	0.9727	2.0517
66	G	0.9742	1.8623
67	A	0.9763	1.7582
68	G	0.9739	1.7618
69	G	0.9754	1.5925
70	G	0.9761	1.4378
71	G	0.9768	1.3978
72	G	0.9794	1.7643
73	G	0.9799	1.7185
74	F	0.9818	1.5401
75	G	0.9832	1.3788
76	G	0.9838	1.1149
77	G	0.9845	0.7724
78	G	0.9849	0.422
79	G	0.9852	0.1872
80	F	0.9854	0
81	G	0.9854	0
82	G	0.9853	0
83	G	0.9852	0
84	G	0.9851	0
85	G	0.9848	0
86	G	0.9844	0
87	G	0.9843	0
88	G	0.9842	0
89	G	0.9835	0
90	G	0.9834	0
91	S	0.9834	0
92	F	0.9833	0.316
93	G	0.9824	0.7724
94	G	0.9814	1.0694
95	G	0.981	1.2708
96	G	0.9804	1.3337
97	P	0.9787	1.313
98	P	0.9781	1.2412
99	G	0.977	1.2635
100	L	0.9751	1.1405
101	G	0.972	0.8998
102	G	0.9671	1.0362
103	L	0.9592	1.0971
104	F	0.9524	1.3003
105	Q	0.9497	1.5692
106	A	0.9481	1.5532
107	G	0.9508	1.3733
108	M	0.9515	1.5588
109	P	0.9498	1.565
110	K	0.9468	1.9177
111	L	0.9449	1.9401
112	R	0.9333	2.4193
113	S	0.9293	2.5926
114	T	0.9323	2.699
115	A	0.9405	2.7172
116	N	0.9353	2.7651
117	R	0.94	2.7568
118	D	0.9509	2.786
119	N	0.9672	2.6911
120	D	0.9711	2.4955
121	S	0.9738	2.0934
122	G	0.9753	1.4952
123	G	0.9759	1.3978
124	S	0.9751	1.3363
125	R	0.9743	1.3337
126	P	0.9749	1.5626
127	P	0.9744	1.6291
128	L	0.9749	1.5588
129	L	0.9748	1.5225
130	P	0.9746	1.4475
131	P	0.9762	1.1936
132	G	0.9769	0.7219
133	G	0.9773	0.5917
134	R	0.9775	0.6948
135	S	0.9764	1.0761
136	T	0.973	1.2648
137	S	0.9699	1.3154
138	A	0.9702	1.3154
139	K	0.9693	1.1562
140	P	0.9702	0.9994
141	F	0.9689	0.9852
142	S	0.9704	0.9275
143	P	0.9702	0.8224
144	P	0.9716	0.5917
145	S	0.9722	0.1872
146	G	0.972	0
147	P	0.9711	0
148	G	0.9708	0
149	R	0.9695	0
150	F	0.9682	0
151	P	0.9714	0
152	V	0.9706	0
153	P	0.973	0
154	S	0.9758	0
155	P	0.9771	0
156	G	0.9784	0.1872
157	H	0.979	0.1872
158	R	0.9793	0.1872
159	S	0.9789	0.1872
160	G	0.9792	0.316
161	P	0.9787	0.5127
162	P	0.9791	0.7219
163	E	0.9781	1.3567
164	P	0.9761	1.5588
165	Q	0.9753	1.806
166	R	0.9749	1.884
167	N	0.9743	1.884
168	R	0.9731	1.806
169	M	0.974	1.6152
170	P	0.9738	1.1372
171	P	0.9736	0.5127
172	P	0.9744	0.1872
173	R	0.9757	0.1872
174	P	0.976	0
175	D	0.9778	0.6948
176	V	0.9776	0.6948
177	G	0.9788	0.8998
178	S	0.9771	0.9971
179	K	0.9758	0.9971
180	P	0.9763	0.8224
181	D	0.9771	0.7755
182	S	0.9757	0.661
183	I	0.9767	0.422
184	P	0.9775	0
185	P	0.9771	0
186	P	0.9766	0
187	V	0.9765	0
188	P	0.9781	0
189	S	0.9787	0
190	T	0.9783	0
191	P	0.9782	0
192	R	0.9782	0
193	P	0.9788	0
194	I	0.9789	0.316
195	Q	0.9796	0.5127
196	S	0.9797	0.7219
197	S	0.9794	0.7755
198	P	0.9798	0.9518
199	H	0.9799	1.0694
200	N	0.9803	1.0694
201	R	0.9803	0.8946
202	G	0.9815	0.5007
203	S	0.9816	0.3731
204	P	0.9817	0
205	P	0.9825	0
206	V	0.9818	0
207	P	0.9818	0
208	G	0.9816	0
209	G	0.9811	0
210	P	0.9814	0.1872
211	R	0.9814	0.316
212	Q	0.9804	0.316
213	P	0.9799	0.422
214	S	0.9787	0.5127
215	P	0.9779	1.0181
216	G	0.9763	1.1936
217	P	0.9731	1.848
218	T	0.9681	2.1873
219	P	0.9595	2.4778
220	P	0.9573	2.4401
221	P	0.9557	2.2905
222	F	0.9542	2.2905
223	P	0.957	2.0367
224	G	0.9564	1.7609
225	N	0.9536	1.7726
226	R	0.9541	1.7498
227	G	0.9536	1.9913
228	T	0.9469	2.2142
229	A	0.943	2.2002
230	L	0.9448	2.0251
231	G	0.9418	2.1151
232	G	0.9439	2.3158
233	G	0.9451	2.3418
234	S	0.9462	2.1662
235	I	0.948	2.1551
236	R	0.9482	2.1325
237	Q	0.9533	2.0388
238	S	0.9615	1.7977
239	P	0.9637	1.6915
240	L	0.9661	1.6704
241	S	0.9685	1.6284
242	S	0.9686	1.6136
243	S	0.9707	1.6643
244	S	0.9709	1.7106
245	P	0.9719	1.57
246	F	0.9719	1.5653
247	S	0.9721	1.5621
248	N	0.972	1.5766
249	R	0.9714	1.57
250	P	0.9733	1.5567
251	P	0.9735	1.4717
252	L	0.9732	1.3656
253	P	0.9735	1.3438
254	P	0.9755	1.2825
255	T	0.9767	1.2704
256	P	0.9781	1.1149
257	S	0.9786	1.0189
258	R	0.9779	1.4279
259	A	0.9758	1.7394
260	L	0.9718	1.9277
261	D	0.9667	2.2259
262	D	0.9657	2.1977
263	K	0.9615	2.0886
264	P	0.9651	1.7255
265	P	0.9649	1.4952
266	P	0.9641	1.5365
267	P	0.9672	1.5621
268	P	0.9715	1.5101
269	P	0.9731	1.3162
270	P	0.9746	1.1637
271	V	0.9747	1.1953
272	G	0.975	1.4399
273	N	0.9743	1.6693
274	R	0.9682	1.7953
275	P	0.9679	1.8104
276	S	0.9677	2.0001
277	I	0.9652	2.1215
278	H	0.967	2.1611
279	R	0.9685	2.0946
280	E	0.9732	1.8554
281	A	0.9758	1.4063
282	V	0.9755	0.8184
283	P	0.9774	0.422
284	P	0.978	0.1872
285	P	0.9791	0.1872
286	P	0.9793	0.316
287	P	0.9797	0.6054
288	Q	0.9797	0.7304
289	N	0.9799	0.8184
290	N	0.9802	0.8184
291	K	0.9804	0.8184
292	P	0.9802	0.6054
293	P	0.9801	0.316
294	V	0.9804	0.316
295	P	0.981	0
296	S	0.9814	0
297	T	0.9809	0
298	P	0.9814	0
299	R	0.9819	0
300	P	0.982	0
301	S	0.9821	0.5007
302	A	0.9816	0.6054
303	S	0.9817	0.6054
304	S	0.9818	0.6054
305	Q	0.9816	0.6054
306	A	0.981	0.5007
307	P	0.9804	0.5127
308	P	0.9802	0.5917
309	P	0.9802	0.5917
310	P	0.9801	0.5917
311	P	0.9803	0.5917
312	P	0.9804	0.5127
313	P	0.9809	0.316
314	S	0.9812	0
315	R	0.9813	0
316	P	0.9809	0.316
317	G	0.9807	0.422
318	P	0.9793	0.5917
319	P	0.9792	0.661
320	P	0.9805	0.661
321	L	0.981	0.5917
322	P	0.981	0.5917
323	P	0.9811	0.7219
324	S	0.9814	1.2111
325	S	0.9811	1.6761
326	S	0.9784	1.9651
327	G	0.9748	2.2885
328	N	0.9675	2.3953
329	D	0.9637	2.3342
330	E	0.9621	2.2499
331	T	0.9606	2.1973
332	P	0.9619	2.0462
333	R	0.9615	1.9177
334	L	0.9623	1.6659
335	P	0.9637	1.4461
336	Q	0.9641	1.4239
337	R	0.9643	1.3162
338	N	0.9676	1.1504
339	L	0.9647	1.0694
340	S	0.9715	0.971
341	L	0.9702	0.9852
342	S	0.9748	0.9994
343	S	0.9781	0.971
344	S	0.9791	0.8631
345	T	0.9801	0.661
346	P	0.9802	0.1872
347	P	0.9813	0.1872
348	L	0.981	0.1872
349	P	0.982	0.1872
350	S	0.9822	0
351	P	0.9823	0
352	G	0.9824	0
353	R	0.9824	0
354	S	0.9824	0
355	G	0.9818	0
356	P	0.9808	0
357	L	0.9803	0
358	P	0.9795	0
359	P	0.9785	0
360	P	0.978	0
361	P	0.9779	0
362	S	0.9777	0
363	E	0.977	0
364	R	0.9769	0
365	P	0.9763	0
366	P	0.9747	0
367	P	0.973	0
368	P	0.9733	0
369	V	0.9716	0
370	R	0.9737	0
371	D	0.9719	0
372	P	0.9725	0
373	P	0.974	0
374	G	0.975	0
375	R	0.9764	0
376	S	0.9748	0
377	G	0.9739	0.422
378	P	0.9703	0.9609
379	L	0.9688	1.2424
380	P	0.9642	1.5588
381	P	0.9628	1.6712
382	P	0.9641	1.6923
383	P	0.9687	1.6712
384	P	0.9723	1.568
385	V	0.9725	1.4581
386	S	0.9735	1.3788
387	R	0.9735	1.4013
388	N	0.9711	1.6136
389	G	0.9719	1.6373
390	S	0.9717	1.6704
391	T	0.9723	1.6373
392	S	0.9738	1.5658
393	R	0.9738	1.2825
394	A	0.9732	1.0694
395	L	0.9724	0.5917
396	P	0.9731	0.422
397	A	0.9729	0.5127
398	T	0.9729	0.5127
399	P	0.9752	0.422
400	Q	0.9771	0.422
401	L	0.9782	0.316
402	P	0.9794	0
403	S	0.9802	0
404	R	0.9809	0
405	S	0.9818	0.1872
406	G	0.982	0.1872
407	V	0.9819	0.1872
408	D	0.9819	0.1872
409	S	0.9821	0.1872
410	P	0.982	0
411	R	0.982	0
412	S	0.9818	0
413	G	0.9817	0
414	P	0.9811	0
415	R	0.9809	0
416	P	0.9807	0.1872
417	P	0.9796	0.1872
418	L	0.9793	0.1872
419	P	0.9794	0.1872
420	P	0.9801	0.1872
421	D	0.9799	0
422	R	0.9799	0
423	P	0.9802	0.1872
424	S	0.9803	0.422
425	A	0.9791	1.1295
426	G	0.9781	1.7444
427	A	0.9733	2.2304
428	P	0.9647	2.621
429	P	0.9413	2.782
430	P	0.9308	2.7301
431	P	0.9201	2.4039
432	P	0.9075	2.281
433	P	0.9092	2.1911
434	S	0.9042	2.119
435	T	0.8725	2.1077
436	S	0.8666	2.0502
437	I	0.8423	2.4492
438	R	0.8155	2.4927
439	N	0.7909	2.5622
440	G	0.7754	2.5127
441	F	0.7652	2.3796
442	Q	0.7389	2.3516
443	D	0.6943	2.418
444	S	0.6505	2.4367
445	P	0.5868	2.5103
446	C	0.5201	2.3972
447	E	0.4494	1.9764
448	D	0.4221	1.6118
449	E	0.3769	1.1818
450	W	0.3586	1.113
451	E	0.3514	1.2412
452	S	0.3535	1.431
453	R	0.3607	1.6082
454	F	0.3711	1.9144
455	Y	0.4018	2.2555
456	F	0.4849	2.354
457	H	0.5324	2.2775
458	P	0.5889	2.0484
459	I	0.6272	1.9425
460	S	0.6828	1.5761
461	D	0.6927	1.8419
462	L	0.7051	1.9943
463	P	0.709	2.2098
464	P	0.6644	2.0492
465	P	0.6508	1.9703
466	E	0.6436	2.0254
467	P	0.6635	1.9002
468	Y	0.6721	1.6419
469	V	0.6912	1.8786
470	Q	0.6781	2.0382
471	T	0.6445	2.1646
472	T	0.7019	2.4723
473	K	0.741	2.5982
474	S	0.7893	2.6274
475	Y	0.8035	2.667
476	P	0.8526	2.5603
477	S	0.8595	2.5214
478	K	0.8875	2.5266
479	L	0.8967	2.3388
480	A	0.9094	2.4916
481	R	0.9103	2.5492
482	N	0.9259	2.4128
483	E	0.945	2.3401
484	S	0.9527	2.1828
485	R	0.9611	2.2936
486	S	0.9644	2.4403
487	G	0.9694	2.3505
488	S	0.9742	2.253
489	N	0.9743	2.1195
490	R	0.9748	1.9463
491	R	0.9744	1.7947
492	E	0.9732	1.6217
493	R	0.9719	1.5962
494	G	0.97	1.7673
495	A	0.9668	1.7427
496	P	0.9643	2.0372
497	P	0.9595	2.1175
498	L	0.9556	2.177
499	P	0.9562	2.0995
500	P	0.9585	1.8568
501	I	0.963	1.7819
502	P	0.9636	1.7219
503	R	0.966	0.7219